commodity,model,date,forecast_price
Bawang Merah,GRU,2025-11-01,37586.654211667934
Bawang Merah,GRU,2025-11-02,37600.88947853756
Bawang Merah,GRU,2025-11-03,37612.422228940486
Bawang Merah,GRU,2025-11-04,37622.885860815244
Bawang Merah,GRU,2025-11-05,37632.93681005452
Bawang Merah,GRU,2025-11-06,37642.8115340186
Bawang Merah,GRU,2025-11-07,37652.58489648561
Bawang Merah,GRU,2025-11-08,37662.27062606284
Bawang Merah,GRU,2025-11-09,37671.86256979196
Bawang Merah,GRU,2025-11-10,37681.35336633
Bawang Merah,GRU,2025-11-11,37690.73749787595
Bawang Merah,GRU,2025-11-12,37700.011850751966
Bawang Merah,GRU,2025-11-13,37709.17518604823
Bawang Merah,GRU,2025-11-14,37718.22747714274
Bawang Merah,GRU,2025-11-15,37727.16938806259
Bawang Merah,GRU,2025-11-16,37736.001925584234
Bawang Merah,GRU,2025-11-17,37744.726229666645
Bawang Merah,GRU,2025-11-18,37753.34120909668
Bawang Merah,GRU,2025-11-19,37761.85073696828
Bawang Merah,GRU,2025-11-20,37770.253734280006
Bawang Merah,GRU,2025-11-21,37778.55401411216
Bawang Merah,GRU,2025-11-22,37786.75266980467
Bawang Merah,GRU,2025-11-23,37794.85123679599
Bawang Merah,GRU,2025-11-24,37802.85023150529
Bawang Merah,GRU,2025-11-25,37810.750739108356
Bawang Merah,GRU,2025-11-26,37818.55383203101
Bawang Merah,GRU,2025-11-27,37826.26057286044
Bawang Merah,GRU,2025-11-28,37833.87201553244
Bawang Merah,GRU,2025-11-29,37841.38920576092
Bawang Merah,GRU,2025-11-30,37848.81318116844
Bawang Putih Honan,LSTM,2025-11-01,30000.0
Bawang Putih Honan,LSTM,2025-11-02,30000.0
Bawang Putih Honan,LSTM,2025-11-03,30000.0
Bawang Putih Honan,LSTM,2025-11-04,30000.0
Bawang Putih Honan,LSTM,2025-11-05,30000.0
Bawang Putih Honan,LSTM,2025-11-06,30000.0
Bawang Putih Honan,LSTM,2025-11-07,30000.0
Bawang Putih Honan,LSTM,2025-11-08,30000.0
Bawang Putih Honan,LSTM,2025-11-09,30000.0
Bawang Putih Honan,LSTM,2025-11-10,30000.0
Bawang Putih Honan,LSTM,2025-11-11,30000.0
Bawang Putih Honan,LSTM,2025-11-12,30000.0
Bawang Putih Honan,LSTM,2025-11-13,30000.0
Bawang Putih Honan,LSTM,2025-11-14,30000.0
Bawang Putih Honan,LSTM,2025-11-15,30000.0
Bawang Putih Honan,LSTM,2025-11-16,30000.0
Bawang Putih Honan,LSTM,2025-11-17,30000.0
Bawang Putih Honan,LSTM,2025-11-18,30000.0
Bawang Putih Honan,LSTM,2025-11-19,30000.0
Bawang Putih Honan,LSTM,2025-11-20,30000.0
Bawang Putih Honan,LSTM,2025-11-21,30000.0
Bawang Putih Honan,LSTM,2025-11-22,30000.0
Bawang Putih Honan,LSTM,2025-11-23,30000.0
Bawang Putih Honan,LSTM,2025-11-24,30000.0
Bawang Putih Honan,LSTM,2025-11-25,30000.0
Bawang Putih Honan,LSTM,2025-11-26,30000.0
Bawang Putih Honan,LSTM,2025-11-27,30000.0
Bawang Putih Honan,LSTM,2025-11-28,30000.0
Bawang Putih Honan,LSTM,2025-11-29,30000.0
Bawang Putih Honan,LSTM,2025-11-30,30000.0
Beras Medium,GRU,2025-11-01,14349.003562521362
Beras Medium,GRU,2025-11-02,14348.558841225771
Beras Medium,GRU,2025-11-03,14348.11441478012
Beras Medium,GRU,2025-11-04,14347.672648801185
Beras Medium,GRU,2025-11-05,14347.234407138312
Beras Medium,GRU,2025-11-06,14346.799942134432
Beras Medium,GRU,2025-11-07,14346.369268005383
Beras Medium,GRU,2025-11-08,14345.942313764197
Beras Medium,GRU,2025-11-09,14345.524773433886
Beras Medium,GRU,2025-11-10,14345.1133083358
Beras Medium,GRU,2025-11-11,14344.707878835623
Beras Medium,GRU,2025-11-12,14344.30841749016
Beras Medium,GRU,2025-11-13,14343.914847486141
Beras Medium,GRU,2025-11-14,14343.527089910236
Beras Medium,GRU,2025-11-15,14343.1450664857
Beras Medium,GRU,2025-11-16,14342.768700510635
Beras Medium,GRU,2025-11-17,14342.397883449903
Beras Medium,GRU,2025-11-18,14342.032527633204
Beras Medium,GRU,2025-11-19,14341.672546506896
Beras Medium,GRU,2025-11-20,14341.317854867248
Beras Medium,GRU,2025-11-21,14340.968368924523
Beras Medium,GRU,2025-11-22,14340.624006302676
Beras Medium,GRU,2025-11-23,14340.28468601582
Beras Medium,GRU,2025-11-24,14339.950328437302
Beras Medium,GRU,2025-11-25,14339.620855462992
Beras Medium,GRU,2025-11-26,14339.29619036747
Beras Medium,GRU,2025-11-27,14338.976257778766
Beras Medium,GRU,2025-11-28,14338.660983651696
Beras Medium,GRU,2025-11-29,14338.35029524112
Beras Medium,GRU,2025-11-30,14338.044121075642
Beras Premium,GRU,2025-11-01,15417.749343829577
Beras Premium,GRU,2025-11-02,15417.212614877395
Beras Premium,GRU,2025-11-03,15416.738703365081
Beras Premium,GRU,2025-11-04,15416.319510451816
Beras Premium,GRU,2025-11-05,15415.943776597227
Beras Premium,GRU,2025-11-06,15415.600767620663
Beras Premium,GRU,2025-11-07,15415.28195689527
Beras Premium,GRU,2025-11-08,15414.981248026064
Beras Premium,GRU,2025-11-09,15414.694538215508
Beras Premium,GRU,2025-11-10,15414.419116082812
Beras Premium,GRU,2025-11-11,15414.15311092297
Beras Premium,GRU,2025-11-12,15413.891870832453
Beras Premium,GRU,2025-11-13,15413.63386292349
Beras Premium,GRU,2025-11-14,15413.379149331877
Beras Premium,GRU,2025-11-15,15413.127875931805
Beras Premium,GRU,2025-11-16,15412.880465805141
Beras Premium,GRU,2025-11-17,15412.636909610248
Beras Premium,GRU,2025-11-18,15412.397132640606
Beras Premium,GRU,2025-11-19,15412.161066112403
Beras Premium,GRU,2025-11-20,15411.928645576965
Beras Premium,GRU,2025-11-21,15411.699809708243
Beras Premium,GRU,2025-11-22,15411.474499461438
Beras Premium,GRU,2025-11-23,15411.25265752929
Beras Premium,GRU,2025-11-24,15411.034228006865
Beras Premium,GRU,2025-11-25,15410.819156188467
Beras Premium,GRU,2025-11-26,15410.607388441007
Beras Premium,GRU,2025-11-27,15410.398872056967
Beras Premium,GRU,2025-11-28,15410.19355519574
Beras Premium,GRU,2025-11-29,15409.991386875543
Beras Premium,GRU,2025-11-30,15409.792316968824
Cabai Merah Besar,GRU,2025-11-01,40040.64909766195
Cabai Merah Besar,GRU,2025-11-02,39958.94863517191
Cabai Merah Besar,GRU,2025-11-03,39880.99348908079
Cabai Merah Besar,GRU,2025-11-04,39805.02918744999
Cabai Merah Besar,GRU,2025-11-05,39730.33482630148
Cabai Merah Besar,GRU,2025-11-06,39656.64872048299
Cabai Merah Besar,GRU,2025-11-07,39583.89340902881
Cabai Merah Besar,GRU,2025-11-08,39512.05441655125
Cabai Merah Besar,GRU,2025-11-09,39441.131724697814
Cabai Merah Besar,GRU,2025-11-10,39371.12324067422
Cabai Merah Besar,GRU,2025-11-11,39302.02177231127
Cabai Merah Besar,GRU,2025-11-12,39233.81574171062
Cabai Merah Besar,GRU,2025-11-13,39166.49087043085
Cabai Merah Besar,GRU,2025-11-14,39100.03158078417
Cabai Merah Besar,GRU,2025-11-15,39034.42190325775
Cabai Merah Besar,GRU,2025-11-16,38969.64597733028
Cabai Merah Besar,GRU,2025-11-17,38905.68815873019
Cabai Merah Besar,GRU,2025-11-18,38842.533504093706
Cabai Merah Besar,GRU,2025-11-19,38780.16736062139
Cabai Merah Besar,GRU,2025-11-20,38718.57550031867
Cabai Merah Besar,GRU,2025-11-21,38657.744090600114
Cabai Merah Besar,GRU,2025-11-22,38597.65966640769
Cabai Merah Besar,GRU,2025-11-23,38538.309106613015
Cabai Merah Besar,GRU,2025-11-24,38479.679731752825
Cabai Merah Besar,GRU,2025-11-25,38421.75902051736
Cabai Merah Besar,GRU,2025-11-26,38364.53468671521
Cabai Merah Besar,GRU,2025-11-27,38307.99486061673
Cabai Merah Besar,GRU,2025-11-28,38252.12789574872
Cabai Merah Besar,GRU,2025-11-29,38196.92243896806
Cabai Merah Besar,GRU,2025-11-30,38142.36739521862
Cabai Merah Keriting,GRU,2025-11-01,40043.971037655065
Cabai Merah Keriting,GRU,2025-11-02,39936.431127285665
Cabai Merah Keriting,GRU,2025-11-03,39825.854350510446
Cabai Merah Keriting,GRU,2025-11-04,39713.69655213086
Cabai Merah Keriting,GRU,2025-11-05,39601.02797119407
Cabai Merah Keriting,GRU,2025-11-06,39488.537192826145
Cabai Merah Keriting,GRU,2025-11-07,39376.67318132626
Cabai Merah Keriting,GRU,2025-11-08,39265.67695525753
Cabai Merah Keriting,GRU,2025-11-09,39155.67066200165
Cabai Merah Keriting,GRU,2025-11-10,39046.70718793609
Cabai Merah Keriting,GRU,2025-11-11,38938.80989701691
Cabai Merah Keriting,GRU,2025-11-12,38831.96688678956
Cabai Merah Keriting,GRU,2025-11-13,38726.16485010118
Cabai Merah Keriting,GRU,2025-11-14,38621.39533048558
Cabai Merah Keriting,GRU,2025-11-15,38517.63240023295
Cabai Merah Keriting,GRU,2025-11-16,38414.85793208955
Cabai Merah Keriting,GRU,2025-11-17,38313.054366283075
Cabai Merah Keriting,GRU,2025-11-18,38212.23068069332
Cabai Merah Keriting,GRU,2025-11-19,38112.345946081914
Cabai Merah Keriting,GRU,2025-11-20,38013.38368258628
Cabai Merah Keriting,GRU,2025-11-21,37915.32811298339
Cabai Merah Keriting,GRU,2025-11-22,37818.16401290452
Cabai Merah Keriting,GRU,2025-11-23,37721.87642472179
Cabai Merah Keriting,GRU,2025-11-24,37626.451630881216
Cabai Merah Keriting,GRU,2025-11-25,37531.875666932094
Cabai Merah Keriting,GRU,2025-11-26,37438.13488728985
Cabai Merah Keriting,GRU,2025-11-27,37345.21595496611
Cabai Merah Keriting,GRU,2025-11-28,37253.10583352714
Cabai Merah Keriting,GRU,2025-11-29,37161.7917794846
Cabai Merah Keriting,GRU,2025-11-30,37071.26133502093
Cabai Rawit Merah,GRU,2025-11-01,19184.755510298146
Cabai Rawit Merah,GRU,2025-11-02,19182.17548220372
Cabai Rawit Merah,GRU,2025-11-03,19179.687198305866
Cabai Rawit Merah,GRU,2025-11-04,19177.13177192774
Cabai Rawit Merah,GRU,2025-11-05,19174.39755542003
Cabai Rawit Merah,GRU,2025-11-06,19171.45678272027
Cabai Rawit Merah,GRU,2025-11-07,19168.329644476307
Cabai Rawit Merah,GRU,2025-11-08,19165.055228607685
Cabai Rawit Merah,GRU,2025-11-09,19161.673024376934
Cabai Rawit Merah,GRU,2025-11-10,19158.21620898949
Cabai Rawit Merah,GRU,2025-11-11,19154.710064407554
Cabai Rawit Merah,GRU,2025-11-12,19151.172746712135
Cabai Rawit Merah,GRU,2025-11-13,19147.616421542923
Cabai Rawit Merah,GRU,2025-11-14,19144.049810546952
Cabai Rawit Merah,GRU,2025-11-15,19140.478603019084
Cabai Rawit Merah,GRU,2025-11-16,19136.906174454325
Cabai Rawit Merah,GRU,2025-11-17,19133.335672992245
Cabai Rawit Merah,GRU,2025-11-18,19129.76765818817
Cabai Rawit Merah,GRU,2025-11-19,19126.202958591577
Cabai Rawit Merah,GRU,2025-11-20,19122.642258703007
Cabai Rawit Merah,GRU,2025-11-21,19119.085687886243
Cabai Rawit Merah,GRU,2025-11-22,19115.533782520757
Cabai Rawit Merah,GRU,2025-11-23,19111.98648433626
Cabai Rawit Merah,GRU,2025-11-24,19108.443849076277
Cabai Rawit Merah,GRU,2025-11-25,19104.90572038765
Cabai Rawit Merah,GRU,2025-11-26,19101.37209573056
Cabai Rawit Merah,GRU,2025-11-27,19097.84296916402
Cabai Rawit Merah,GRU,2025-11-28,19094.318333236923
Cabai Rawit Merah,GRU,2025-11-29,19090.798365166265
Cabai Rawit Merah,GRU,2025-11-30,19087.282887102778
Daging Ayam Ras,GRU,2025-11-01,36977.772600393204
Daging Ayam Ras,GRU,2025-11-02,36967.34007112089
Daging Ayam Ras,GRU,2025-11-03,36957.17529935284
Daging Ayam Ras,GRU,2025-11-04,36947.225421858486
Daging Ayam Ras,GRU,2025-11-05,36937.46253667927
Daging Ayam Ras,GRU,2025-11-06,36927.87316340795
Daging Ayam Ras,GRU,2025-11-07,36918.45009450819
Daging Ayam Ras,GRU,2025-11-08,36909.188783494916
Daging Ayam Ras,GRU,2025-11-09,36900.085712781176
Daging Ayam Ras,GRU,2025-11-10,36891.13772465458
Daging Ayam Ras,GRU,2025-11-11,36882.34276857775
Daging Ayam Ras,GRU,2025-11-12,36873.696899616436
Daging Ayam Ras,GRU,2025-11-13,36865.19711130979
Daging Ayam Ras,GRU,2025-11-14,36856.840446266775
Daging Ayam Ras,GRU,2025-11-15,36848.62400450076
Daging Ayam Ras,GRU,2025-11-16,36840.54494966052
Daging Ayam Ras,GRU,2025-11-17,36832.600512304285
Daging Ayam Ras,GRU,2025-11-18,36824.78799085173
Daging Ayam Ras,GRU,2025-11-19,36817.104751055995
Daging Ayam Ras,GRU,2025-11-20,36809.548224659564
Daging Ayam Ras,GRU,2025-11-21,36802.11590767131
Daging Ayam Ras,GRU,2025-11-22,36794.80535853362
Daging Ayam Ras,GRU,2025-11-23,36787.614218803086
Daging Ayam Ras,GRU,2025-11-24,36780.54015529202
Daging Ayam Ras,GRU,2025-11-25,36773.580901789115
Daging Ayam Ras,GRU,2025-11-26,36766.73424684407
Daging Ayam Ras,GRU,2025-11-27,36759.99803207614
Daging Ayam Ras,GRU,2025-11-28,36753.370150561415
Daging Ayam Ras,GRU,2025-11-29,36746.848545290784
Daging Ayam Ras,GRU,2025-11-30,36740.43120768935
Daging Sapi Paha Belakang,ARIMA,2025-11-01,122004.38596491228
Daging Sapi Paha Belakang,ARIMA,2025-11-02,122008.77192982455
Daging Sapi Paha Belakang,ARIMA,2025-11-03,122013.15789473683
Daging Sapi Paha Belakang,ARIMA,2025-11-04,122017.5438596491
Daging Sapi Paha Belakang,ARIMA,2025-11-05,122021.92982456138
Daging Sapi Paha Belakang,ARIMA,2025-11-06,122026.31578947365
Daging Sapi Paha Belakang,ARIMA,2025-11-07,122030.70175438593
Daging Sapi Paha Belakang,ARIMA,2025-11-08,122035.0877192982
Daging Sapi Paha Belakang,ARIMA,2025-11-09,122039.47368421048
Daging Sapi Paha Belakang,ARIMA,2025-11-10,122043.85964912275
Daging Sapi Paha Belakang,ARIMA,2025-11-11,122048.24561403503
Daging Sapi Paha Belakang,ARIMA,2025-11-12,122052.6315789473
Daging Sapi Paha Belakang,ARIMA,2025-11-13,122057.01754385958
Daging Sapi Paha Belakang,ARIMA,2025-11-14,122061.40350877185
Daging Sapi Paha Belakang,ARIMA,2025-11-15,122065.78947368413
Daging Sapi Paha Belakang,ARIMA,2025-11-16,122070.1754385964
Daging Sapi Paha Belakang,ARIMA,2025-11-17,122074.56140350868
Daging Sapi Paha Belakang,ARIMA,2025-11-18,122078.94736842095
Daging Sapi Paha Belakang,ARIMA,2025-11-19,122083.33333333323
Daging Sapi Paha Belakang,ARIMA,2025-11-20,122087.7192982455
Daging Sapi Paha Belakang,ARIMA,2025-11-21,122092.10526315778
Daging Sapi Paha Belakang,ARIMA,2025-11-22,122096.49122807005
Daging Sapi Paha Belakang,ARIMA,2025-11-23,122100.87719298233
Daging Sapi Paha Belakang,ARIMA,2025-11-24,122105.2631578946
Daging Sapi Paha Belakang,ARIMA,2025-11-25,122109.64912280688
Daging Sapi Paha Belakang,ARIMA,2025-11-26,122114.03508771915
Daging Sapi Paha Belakang,ARIMA,2025-11-27,122118.42105263143
Daging Sapi Paha Belakang,ARIMA,2025-11-28,122122.8070175437
Daging Sapi Paha Belakang,ARIMA,2025-11-29,122127.19298245598
Daging Sapi Paha Belakang,ARIMA,2025-11-30,122131.57894736825
Gula Pasir Curah,GRU,2025-11-01,15999.980289005043
Gula Pasir Curah,GRU,2025-11-02,15999.969748317893
Gula Pasir Curah,GRU,2025-11-03,15999.959026808812
Gula Pasir Curah,GRU,2025-11-04,15999.948233157827
Gula Pasir Curah,GRU,2025-11-05,15999.937435693846
Gula Pasir Curah,GRU,2025-11-06,15999.926678769656
Gula Pasir Curah,GRU,2025-11-07,15999.915991497877
Gula Pasir Curah,GRU,2025-11-08,15999.905392907782
Gula Pasir Curah,GRU,2025-11-09,15999.894895239611
Gula Pasir Curah,GRU,2025-11-10,15999.884506147764
Gula Pasir Curah,GRU,2025-11-11,15999.874230201995
Gula Pasir Curah,GRU,2025-11-12,15999.864069912663
Gula Pasir Curah,GRU,2025-11-13,15999.85402642707
Gula Pasir Curah,GRU,2025-11-14,15999.84409999843
Gula Pasir Curah,GRU,2025-11-15,15999.83429029892
Gula Pasir Curah,GRU,2025-11-16,15999.824592644289
Gula Pasir Curah,GRU,2025-11-17,15999.815007446061
Gula Pasir Curah,GRU,2025-11-18,15999.805533521358
Gula Pasir Curah,GRU,2025-11-19,15999.796169650455
Gula Pasir Curah,GRU,2025-11-20,15999.786914596541
Gula Pasir Curah,GRU,2025-11-21,15999.777767118467
Gula Pasir Curah,GRU,2025-11-22,15999.76872597862
Gula Pasir Curah,GRU,2025-11-23,15999.759789947613
Gula Pasir Curah,GRU,2025-11-24,15999.750957806966
Gula Pasir Curah,GRU,2025-11-25,15999.742228350575
Gula Pasir Curah,GRU,2025-11-26,15999.73360038546
Gula Pasir Curah,GRU,2025-11-27,15999.725072732095
Gula Pasir Curah,GRU,2025-11-28,15999.716644224505
Gula Pasir Curah,GRU,2025-11-29,15999.708313710224
Gula Pasir Curah,GRU,2025-11-30,15999.700080050203
Kedelai Impor,GRU,2025-11-01,12994.848649794447
Kedelai Impor,GRU,2025-11-02,12992.542315037139
Kedelai Impor,GRU,2025-11-03,12990.248542199479
Kedelai Impor,GRU,2025-11-04,12987.973350534476
Kedelai Impor,GRU,2025-11-05,12985.71600081225
Kedelai Impor,GRU,2025-11-06,12983.474909414163
Kedelai Impor,GRU,2025-11-07,12981.24890876016
Kedelai Impor,GRU,2025-11-08,12979.037290905662
Kedelai Impor,GRU,2025-11-09,12976.83963923031
Kedelai Impor,GRU,2025-11-10,12974.655689453428
Kedelai Impor,GRU,2025-11-11,12972.485248254188
Kedelai Impor,GRU,2025-11-12,12970.32815256691
Kedelai Impor,GRU,2025-11-13,12968.184251440749
Kedelai Impor,GRU,2025-11-14,12966.053398866414
Kedelai Impor,GRU,2025-11-15,12963.935451383719
Kedelai Impor,GRU,2025-11-16,12961.83026752671
Kedelai Impor,GRU,2025-11-17,12959.737707843595
Kedelai Impor,GRU,2025-11-18,12957.65763501552
Kedelai Impor,GRU,2025-11-19,12955.589913931834
Kedelai Impor,GRU,2025-11-20,12953.53441170237
Kedelai Impor,GRU,2025-11-21,12951.490997620058
Kedelai Impor,GRU,2025-11-22,12949.459543083976
Kedelai Impor,GRU,2025-11-23,12947.43993509439
Kedelai Impor,GRU,2025-11-24,12945.432042305321
Kedelai Impor,GRU,2025-11-25,12943.43574214031
Kedelai Impor,GRU,2025-11-26,12941.450913837622
Kedelai Impor,GRU,2025-11-27,12939.477438448816
Kedelai Impor,GRU,2025-11-28,12937.515198809177
Kedelai Impor,GRU,2025-11-29,12935.564079502301
Kedelai Impor,GRU,2025-11-30,12933.623966824836
Minyak Goreng Sawit Curah,GRU,2025-11-01,17001.575420882113
Minyak Goreng Sawit Curah,GRU,2025-11-02,17002.174543273435
Minyak Goreng Sawit Curah,GRU,2025-11-03,17002.76922811361
Minyak Goreng Sawit Curah,GRU,2025-11-04,17003.35660632857
Minyak Goreng Sawit Curah,GRU,2025-11-05,17003.9348744768
Minyak Goreng Sawit Curah,GRU,2025-11-06,17004.50305323101
Minyak Goreng Sawit Curah,GRU,2025-11-07,17005.06068647521
Minyak Goreng Sawit Curah,GRU,2025-11-08,17005.607620912608
Minyak Goreng Sawit Curah,GRU,2025-11-09,17006.143869364118
Minyak Goreng Sawit Curah,GRU,2025-11-10,17006.669532635435
Minyak Goreng Sawit Curah,GRU,2025-11-11,17007.184756903556
Minyak Goreng Sawit Curah,GRU,2025-11-12,17007.68971109214
Minyak Goreng Sawit Curah,GRU,2025-11-13,17008.184575000585
Minyak Goreng Sawit Curah,GRU,2025-11-14,17008.66953306162
Minyak Goreng Sawit Curah,GRU,2025-11-15,17009.1447710051
Minyak Goreng Sawit Curah,GRU,2025-11-16,17009.610474022964
Minyak Goreng Sawit Curah,GRU,2025-11-17,17010.066825722504
Minyak Goreng Sawit Curah,GRU,2025-11-18,17010.514007507594
Minyak Goreng Sawit Curah,GRU,2025-11-19,17010.952198203828
Minyak Goreng Sawit Curah,GRU,2025-11-20,17011.381573830382
Minyak Goreng Sawit Curah,GRU,2025-11-21,17011.802307464794
Minyak Goreng Sawit Curah,GRU,2025-11-22,17012.214569168904
Minyak Goreng Sawit Curah,GRU,2025-11-23,17012.618525955942
Minyak Goreng Sawit Curah,GRU,2025-11-24,17013.014341785572
Minyak Goreng Sawit Curah,GRU,2025-11-25,17013.40217757792
Minyak Goreng Sawit Curah,GRU,2025-11-26,17013.782191240312
Minyak Goreng Sawit Curah,GRU,2025-11-27,17014.154537702463
Minyak Goreng Sawit Curah,GRU,2025-11-28,17014.51936895706
Minyak Goreng Sawit Curah,GRU,2025-11-29,17014.87683410378
Minyak Goreng Sawit Curah,GRU,2025-11-30,17015.227079395307
Minyak Goreng Sawit Kemasan Premium,GRU,2025-11-01,20992.8637537911
Minyak Goreng Sawit Kemasan Premium,GRU,2025-11-02,20992.86810802799
Minyak Goreng Sawit Kemasan Premium,GRU,2025-11-03,20992.944545409606
Minyak Goreng Sawit Kemasan Premium,GRU,2025-11-04,20993.086828922525
Minyak Goreng Sawit Kemasan Premium,GRU,2025-11-05,20993.275536614652
Minyak Goreng Sawit Kemasan Premium,GRU,2025-11-06,20993.493226951865
Minyak Goreng Sawit Kemasan Premium,GRU,2025-11-07,20993.727660921133
Minyak Goreng Sawit Kemasan Premium,GRU,2025-11-08,20993.97120767588
Minyak Goreng Sawit Kemasan Premium,GRU,2025-11-09,20994.219460067194
Minyak Goreng Sawit Kemasan Premium,GRU,2025-11-10,20994.470021949517
Minyak Goreng Sawit Kemasan Premium,GRU,2025-11-11,20994.721661839758
Minyak Goreng Sawit Kemasan Premium,GRU,2025-11-12,20994.973784619087
Minyak Goreng Sawit Kemasan Premium,GRU,2025-11-13,20995.226124805235
Minyak Goreng Sawit Kemasan Premium,GRU,2025-11-14,20995.478578230748
Minyak Goreng Sawit Kemasan Premium,GRU,2025-11-15,20995.731114260292
Minyak Goreng Sawit Kemasan Premium,GRU,2025-11-16,20995.98062037591
Minyak Goreng Sawit Kemasan Premium,GRU,2025-11-17,20996.230130860145
Minyak Goreng Sawit Kemasan Premium,GRU,2025-11-18,20996.479692694407
Minyak Goreng Sawit Kemasan Premium,GRU,2025-11-19,20996.729339889687
Minyak Goreng Sawit Kemasan Premium,GRU,2025-11-20,20996.979093748498
Minyak Goreng Sawit Kemasan Premium,GRU,2025-11-21,20997.228966440867
Minyak Goreng Sawit Kemasan Premium,GRU,2025-11-22,20997.478964412196
Minyak Goreng Sawit Kemasan Premium,GRU,2025-11-23,20997.729157529637
Minyak Goreng Sawit Kemasan Premium,GRU,2025-11-24,20997.979482382656
Minyak Goreng Sawit Kemasan Premium,GRU,2025-11-25,20998.229938029348
Minyak Goreng Sawit Kemasan Premium,GRU,2025-11-26,20998.480523401835
Minyak Goreng Sawit Kemasan Premium,GRU,2025-11-27,20998.731237659737
Minyak Goreng Sawit Kemasan Premium,GRU,2025-11-28,20998.98208022333
Minyak Goreng Sawit Kemasan Premium,GRU,2025-11-29,20999.233050715604
Minyak Goreng Sawit Kemasan Premium,GRU,2025-11-30,20999.484148895343
Minyakita,GRU,2025-11-01,16971.504390259284
Minyakita,GRU,2025-11-02,16958.35990194521
Minyakita,GRU,2025-11-03,16945.927861760585
Minyakita,GRU,2025-11-04,16934.120660731955
Minyakita,GRU,2025-11-05,16922.86622413369
Minyakita,GRU,2025-11-06,16912.109716107556
Minyakita,GRU,2025-11-07,16901.810203874345
Minyakita,GRU,2025-11-08,16891.937032631486
Minyakita,GRU,2025-11-09,16882.59193593847
Minyakita,GRU,2025-11-10,16873.68750498819
Minyakita,GRU,2025-11-11,16865.198340509727
Minyakita,GRU,2025-11-12,16857.101113945922
Minyakita,GRU,2025-11-13,16849.37436185404
Minyakita,GRU,2025-11-14,16841.998252032376
Minyakita,GRU,2025-11-15,16834.95437299533
Minyakita,GRU,2025-11-16,16828.225556599915
Minyakita,GRU,2025-11-17,16821.795173431186
Minyakita,GRU,2025-11-18,16815.647885384
Minyakita,GRU,2025-11-19,16809.769314983776
Minyakita,GRU,2025-11-20,16804.14597038347
Minyakita,GRU,2025-11-21,16798.765177145553
Minyakita,GRU,2025-11-22,16793.61501652332
Minyakita,GRU,2025-11-23,16788.684269650974
Minyakita,GRU,2025-11-24,16783.962367004453
Minyakita,GRU,2025-11-25,16779.43934505024
Minyakita,GRU,2025-11-26,16775.105803070404
Minyakita,GRU,2025-11-27,16770.952864550203
Minyakita,GRU,2025-11-28,16766.972141749055
Minyakita,GRU,2025-11-29,16763.15570315156
Minyakita,GRU,2025-11-30,16759.496043525196
Telur Ayam Ras,GRU,2025-11-01,27547.334711536496
Telur Ayam Ras,GRU,2025-11-02,27530.083566870402
Telur Ayam Ras,GRU,2025-11-03,27515.4465842485
Telur Ayam Ras,GRU,2025-11-04,27502.496323716812
Telur Ayam Ras,GRU,2025-11-05,27490.573389952282
Telur Ayam Ras,GRU,2025-11-06,27479.29044648773
Telur Ayam Ras,GRU,2025-11-07,27468.436544126
Telur Ayam Ras,GRU,2025-11-08,27457.90023980532
Telur Ayam Ras,GRU,2025-11-09,27447.623273620065
Telur Ayam Ras,GRU,2025-11-10,27437.575319357842
Telur Ayam Ras,GRU,2025-11-11,27427.740356124938
Telur Ayam Ras,GRU,2025-11-12,27418.05552962839
Telur Ayam Ras,GRU,2025-11-13,27408.55796614546
Telur Ayam Ras,GRU,2025-11-14,27399.243550124105
Telur Ayam Ras,GRU,2025-11-15,27390.107874454337
Telur Ayam Ras,GRU,2025-11-16,27381.14819758241
Telur Ayam Ras,GRU,2025-11-17,27372.358281428827
Telur Ayam Ras,GRU,2025-11-18,27363.733947674787
Telur Ayam Ras,GRU,2025-11-19,27355.271188049363
Telur Ayam Ras,GRU,2025-11-20,27346.966127611544
Telur Ayam Ras,GRU,2025-11-21,27338.815011823146
Telur Ayam Ras,GRU,2025-11-22,27330.81420068059
Telur Ayam Ras,GRU,2025-11-23,27322.960164683114
Telur Ayam Ras,GRU,2025-11-24,27315.24948118251
Telur Ayam Ras,GRU,2025-11-25,27307.678830783174
Telur Ayam Ras,GRU,2025-11-26,27300.244993741424
Telur Ayam Ras,GRU,2025-11-27,27292.94484452793
Telur Ayam Ras,GRU,2025-11-28,27285.77535133731
Telur Ayam Ras,GRU,2025-11-29,27278.733571498742
Telur Ayam Ras,GRU,2025-11-30,27271.8166481359
Tepung Terigu,ARIMA,2025-11-01,13000.0
Tepung Terigu,ARIMA,2025-11-02,13000.0
Tepung Terigu,ARIMA,2025-11-03,13000.0
Tepung Terigu,ARIMA,2025-11-04,13000.0
Tepung Terigu,ARIMA,2025-11-05,13000.0
Tepung Terigu,ARIMA,2025-11-06,13000.0
Tepung Terigu,ARIMA,2025-11-07,13000.0
Tepung Terigu,ARIMA,2025-11-08,13000.0
Tepung Terigu,ARIMA,2025-11-09,13000.0
Tepung Terigu,ARIMA,2025-11-10,13000.0
Tepung Terigu,ARIMA,2025-11-11,13000.0
Tepung Terigu,ARIMA,2025-11-12,13000.0
Tepung Terigu,ARIMA,2025-11-13,13000.0
Tepung Terigu,ARIMA,2025-11-14,13000.0
Tepung Terigu,ARIMA,2025-11-15,13000.0
Tepung Terigu,ARIMA,2025-11-16,13000.0
Tepung Terigu,ARIMA,2025-11-17,13000.0
Tepung Terigu,ARIMA,2025-11-18,13000.0
Tepung Terigu,ARIMA,2025-11-19,13000.0
Tepung Terigu,ARIMA,2025-11-20,13000.0
Tepung Terigu,ARIMA,2025-11-21,13000.0
Tepung Terigu,ARIMA,2025-11-22,13000.0
Tepung Terigu,ARIMA,2025-11-23,13000.0
Tepung Terigu,ARIMA,2025-11-24,13000.0
Tepung Terigu,ARIMA,2025-11-25,13000.0
Tepung Terigu,ARIMA,2025-11-26,13000.0
Tepung Terigu,ARIMA,2025-11-27,13000.0
Tepung Terigu,ARIMA,2025-11-28,13000.0
Tepung Terigu,ARIMA,2025-11-29,13000.0
Tepung Terigu,ARIMA,2025-11-30,13000.0
